document,category
"I think that China felt they were being beaten so badly in the recent negotiation that they may as well wait around for the next election, 2020, to see if they could get lucky &amp; have a Democrat win - in which case they would continue to rip-off the USA for $500 Billion a year....",td
I am stunned by the bravery!,td
Trump administration moves to crack down on illegal immigrants in public housing,td
"Women who support the #SexStrike see sex as simply something they 'give' to men to gain something in return. They do not see sex as a mutual expression of love. In this case, they wish to exchange sex for abortion laws. Logically, such women are no different than prostitutes.",td
"Dear Liberals,",td
"I'm not sure which is funnier, Jim Acosta at the Wall saying there was no crime or Allyssa Milano not having sex in opposition to Pro-Life. ğŸ˜‚ğŸ”¥ğŸ˜‚ğŸ”¥ğŸ˜‚ğŸ”¥",td
Mental Health is the real issue.,td
President Trump: Such an easy way to avoid Tariffs? Make or produce your goods and products in the good old USA. Itâ€™s very simple!,td
"Carpe Donktum Exclusive: â€˜I Was Trumpâ€™s Favorite Meme Maker, Now Iâ€™m Suspended On Twitterâ€™",td
"I won the 2016 Election partially based on no Tax Returns while I am under audit (which I still am), and the voters didnâ€™t care. Now the Radical Left Democrats want to again relitigate this matter. Make it a part of the 2020 Election!",td
Kamala proving once again that she is unqualified.,td
"So now the Radical Left Dems donâ€™t talk about Collusion anymore, because the Mueller Report said there was No Collusion, they only want to talk about Obstruction, even though there was No Obstruction or No Crime - except for the crimes committed by the other side!",td
"â€œIt was the best of times, it was the worst of times, it was the age of wisdom, it was the age of foolishness, it was the epoch of belief, it was the epoch of incredulity, â€¦â€",td
Alyssa Milano BTFO by another lib. Theyâ€™re eating their own,td
"Yesterday u walked through DC like these. I was spit at by trans people, told ""your not welcome here"", called a faggot, told to suck a dick, told to take my hat off, and much more. They are EXTREMELY intolerant of Trump and his supporters. They have gone off the deep end mentally...",td
"Dems fume as Trump moves to amend DC's July 4 celebration, possibly address the nation",td
OMG guys! I have turned into a brown white supremacist,td
The Ultimate Red-Pilling,td
What is this really about? ğŸ¤”ğŸ¤”,td
Third wave,td
"Oh, my sides! ""Who's Buttplug? Must be a generational thing"".",td
"Another false #metoo, but this time it ends in death.",td
"Joe Biden, Moses Wannabe",td
Diversity ğŸ¤¡ğŸŒ,td
The REAL Donald,td
"Lol.. saw this on an ""ex Muslim"" sub reddit",td
Look at that. She figured out how to stop women from having abortions.,td
"I think that China felt they were being beaten so badly in the recent negotiation that they may as well wait around for the next election, 2020, to see if they could get lucky &amp; have a Democrat win - in which case they would continue to rip-off the USA for $500 Billion a year....",td
I am stunned by the bravery!,td
Trump administration moves to crack down on illegal immigrants in public housing,td
"Women who support the #SexStrike see sex as simply something they 'give' to men to gain something in return. They do not see sex as a mutual expression of love. In this case, they wish to exchange sex for abortion laws. Logically, such women are no different than prostitutes.",td
"Dear Liberals,",td
"I'm not sure which is funnier, Jim Acosta at the Wall saying there was no crime or Allyssa Milano not having sex in opposition to Pro-Life. ğŸ˜‚ğŸ”¥ğŸ˜‚ğŸ”¥ğŸ˜‚ğŸ”¥",td
Mental Health is the real issue.,td
President Trump: Such an easy way to avoid Tariffs? Make or produce your goods and products in the good old USA. Itâ€™s very simple!,td
"Carpe Donktum Exclusive: â€˜I Was Trumpâ€™s Favorite Meme Maker, Now Iâ€™m Suspended On Twitterâ€™",td
"I won the 2016 Election partially based on no Tax Returns while I am under audit (which I still am), and the voters didnâ€™t care. Now the Radical Left Democrats want to again relitigate this matter. Make it a part of the 2020 Election!",td
Kamala proving once again that she is unqualified.,td
"So now the Radical Left Dems donâ€™t talk about Collusion anymore, because the Mueller Report said there was No Collusion, they only want to talk about Obstruction, even though there was No Obstruction or No Crime - except for the crimes committed by the other side!",td
"â€œIt was the best of times, it was the worst of times, it was the age of wisdom, it was the age of foolishness, it was the epoch of belief, it was the epoch of incredulity, â€¦â€",td
Alyssa Milano BTFO by another lib. Theyâ€™re eating their own,td
"Yesterday u walked through DC like these. I was spit at by trans people, told ""your not welcome here"", called a faggot, told to suck a dick, told to take my hat off, and much more. They are EXTREMELY intolerant of Trump and his supporters. They have gone off the deep end mentally...",td
"Dems fume as Trump moves to amend DC's July 4 celebration, possibly address the nation",td
OMG guys! I have turned into a brown white supremacist,td
The Ultimate Red-Pilling,td
What is this really about? ğŸ¤”ğŸ¤”,td
Third wave,td
"Oh, my sides! ""Who's Buttplug? Must be a generational thing"".",td
"Another false #metoo, but this time it ends in death.",td
"Joe Biden, Moses Wannabe",td
Diversity ğŸ¤¡ğŸŒ,td
The REAL Donald,td
"Lol.. saw this on an ""ex Muslim"" sub reddit",td
Look at that. She figured out how to stop women from having abortions.,td
"I think that China felt they were being beaten so badly in the recent negotiation that they may as well wait around for the next election, 2020, to see if they could get lucky &amp; have a Democrat win - in which case they would continue to rip-off the USA for $500 Billion a year....",td
I am stunned by the bravery!,td
Trump administration moves to crack down on illegal immigrants in public housing,td
"Women who support the #SexStrike see sex as simply something they 'give' to men to gain something in return. They do not see sex as a mutual expression of love. In this case, they wish to exchange sex for abortion laws. Logically, such women are no different than prostitutes.",td
"Dear Liberals,",td
"I'm not sure which is funnier, Jim Acosta at the Wall saying there was no crime or Allyssa Milano not having sex in opposition to Pro-Life. ğŸ˜‚ğŸ”¥ğŸ˜‚ğŸ”¥ğŸ˜‚ğŸ”¥",td
Mental Health is the real issue.,td
President Trump: Such an easy way to avoid Tariffs? Make or produce your goods and products in the good old USA. Itâ€™s very simple!,td
"Carpe Donktum Exclusive: â€˜I Was Trumpâ€™s Favorite Meme Maker, Now Iâ€™m Suspended On Twitterâ€™",td
"I won the 2016 Election partially based on no Tax Returns while I am under audit (which I still am), and the voters didnâ€™t care. Now the Radical Left Democrats want to again relitigate this matter. Make it a part of the 2020 Election!",td
Kamala proving once again that she is unqualified.,td
"So now the Radical Left Dems donâ€™t talk about Collusion anymore, because the Mueller Report said there was No Collusion, they only want to talk about Obstruction, even though there was No Obstruction or No Crime - except for the crimes committed by the other side!",td
"â€œIt was the best of times, it was the worst of times, it was the age of wisdom, it was the age of foolishness, it was the epoch of belief, it was the epoch of incredulity, â€¦â€",td
Alyssa Milano BTFO by another lib. Theyâ€™re eating their own,td
"Yesterday u walked through DC like these. I was spit at by trans people, told ""your not welcome here"", called a faggot, told to suck a dick, told to take my hat off, and much more. They are EXTREMELY intolerant of Trump and his supporters. They have gone off the deep end mentally...",td
"Dems fume as Trump moves to amend DC's July 4 celebration, possibly address the nation",td
OMG guys! I have turned into a brown white supremacist,td
The Ultimate Red-Pilling,td
What is this really about? ğŸ¤”ğŸ¤”,td
Third wave,td
"Oh, my sides! ""Who's Buttplug? Must be a generational thing"".",td
"Another false #metoo, but this time it ends in death.",td
"Joe Biden, Moses Wannabe",td
Diversity ğŸ¤¡ğŸŒ,td
The REAL Donald,td
"Lol.. saw this on an ""ex Muslim"" sub reddit",td
Look at that. She figured out how to stop women from having abortions.,td
"I think that China felt they were being beaten so badly in the recent negotiation that they may as well wait around for the next election, 2020, to see if they could get lucky &amp; have a Democrat win - in which case they would continue to rip-off the USA for $500 Billion a year....",td
I am stunned by the bravery!,td
Trump administration moves to crack down on illegal immigrants in public housing,td
"Women who support the #SexStrike see sex as simply something they 'give' to men to gain something in return. They do not see sex as a mutual expression of love. In this case, they wish to exchange sex for abortion laws. Logically, such women are no different than prostitutes.",td
"Dear Liberals,",td
"I'm not sure which is funnier, Jim Acosta at the Wall saying there was no crime or Allyssa Milano not having sex in opposition to Pro-Life. ğŸ˜‚ğŸ”¥ğŸ˜‚ğŸ”¥ğŸ˜‚ğŸ”¥",td
Mental Health is the real issue.,td
President Trump: Such an easy way to avoid Tariffs? Make or produce your goods and products in the good old USA. Itâ€™s very simple!,td
"Carpe Donktum Exclusive: â€˜I Was Trumpâ€™s Favorite Meme Maker, Now Iâ€™m Suspended On Twitterâ€™",td
"I won the 2016 Election partially based on no Tax Returns while I am under audit (which I still am), and the voters didnâ€™t care. Now the Radical Left Democrats want to again relitigate this matter. Make it a part of the 2020 Election!",td
Kamala proving once again that she is unqualified.,td
"So now the Radical Left Dems donâ€™t talk about Collusion anymore, because the Mueller Report said there was No Collusion, they only want to talk about Obstruction, even though there was No Obstruction or No Crime - except for the crimes committed by the other side!",td
"â€œIt was the best of times, it was the worst of times, it was the age of wisdom, it was the age of foolishness, it was the epoch of belief, it was the epoch of incredulity, â€¦â€",td
Alyssa Milano BTFO by another lib. Theyâ€™re eating their own,td
"Yesterday u walked through DC like these. I was spit at by trans people, told ""your not welcome here"", called a faggot, told to suck a dick, told to take my hat off, and much more. They are EXTREMELY intolerant of Trump and his supporters. They have gone off the deep end mentally...",td
"Dems fume as Trump moves to amend DC's July 4 celebration, possibly address the nation",td
OMG guys! I have turned into a brown white supremacist,td
The Ultimate Red-Pilling,td
What is this really about? ğŸ¤”ğŸ¤”,td
Third wave,td
"Oh, my sides! ""Who's Buttplug? Must be a generational thing"".",td
"Another false #metoo, but this time it ends in death.",td
"Joe Biden, Moses Wannabe",td
Diversity ğŸ¤¡ğŸŒ,td
The REAL Donald,td
"Lol.. saw this on an ""ex Muslim"" sub reddit",td
Look at that. She figured out how to stop women from having abortions.,td
"I think that China felt they were being beaten so badly in the recent negotiation that they may as well wait around for the next election, 2020, to see if they could get lucky &amp; have a Democrat win - in which case they would continue to rip-off the USA for $500 Billion a year....",td
I am stunned by the bravery!,td
Trump administration moves to crack down on illegal immigrants in public housing,td
"Women who support the #SexStrike see sex as simply something they 'give' to men to gain something in return. They do not see sex as a mutual expression of love. In this case, they wish to exchange sex for abortion laws. Logically, such women are no different than prostitutes.",td
"Dear Liberals,",td
"I'm not sure which is funnier, Jim Acosta at the Wall saying there was no crime or Allyssa Milano not having sex in opposition to Pro-Life. ğŸ˜‚ğŸ”¥ğŸ˜‚ğŸ”¥ğŸ˜‚ğŸ”¥",td
Mental Health is the real issue.,td
President Trump: Such an easy way to avoid Tariffs? Make or produce your goods and products in the good old USA. Itâ€™s very simple!,td
"Carpe Donktum Exclusive: â€˜I Was Trumpâ€™s Favorite Meme Maker, Now Iâ€™m Suspended On Twitterâ€™",td
"I won the 2016 Election partially based on no Tax Returns while I am under audit (which I still am), and the voters didnâ€™t care. Now the Radical Left Democrats want to again relitigate this matter. Make it a part of the 2020 Election!",td
Kamala proving once again that she is unqualified.,td
"So now the Radical Left Dems donâ€™t talk about Collusion anymore, because the Mueller Report said there was No Collusion, they only want to talk about Obstruction, even though there was No Obstruction or No Crime - except for the crimes committed by the other side!",td
"â€œIt was the best of times, it was the worst of times, it was the age of wisdom, it was the age of foolishness, it was the epoch of belief, it was the epoch of incredulity, â€¦â€",td
Alyssa Milano BTFO by another lib. Theyâ€™re eating their own,td
"Yesterday u walked through DC like these. I was spit at by trans people, told ""your not welcome here"", called a faggot, told to suck a dick, told to take my hat off, and much more. They are EXTREMELY intolerant of Trump and his supporters. They have gone off the deep end mentally...",td
"Dems fume as Trump moves to amend DC's July 4 celebration, possibly address the nation",td
OMG guys! I have turned into a brown white supremacist,td
The Ultimate Red-Pilling,td
What is this really about? ğŸ¤”ğŸ¤”,td
Third wave,td
"Oh, my sides! ""Who's Buttplug? Must be a generational thing"".",td
"Another false #metoo, but this time it ends in death.",td
"Joe Biden, Moses Wannabe",td
Diversity ğŸ¤¡ğŸŒ,td
The REAL Donald,td
"Lol.. saw this on an ""ex Muslim"" sub reddit",td
Look at that. She figured out how to stop women from having abortions.,td
